use groupware;


INSERT INTO DEPARTMENT (DEPT_CODE, DEPT_TITLE, CREATION_DATE, END_DATE) VALUES
('D1', '임원진', '2020-01-01', NULL),
('D2', '전략기획부', '2020-01-01', NULL),
('D3', '경영지원부', '2020-01-01', NULL),
('D4', '인사부', '2020-01-01', NULL),
('D5', '채용팀', '2020-01-01', NULL),
('D6', '교육개발팀', '2020-01-01', NULL),
('D7', '영업부', '2020-01-01', NULL),
('D8', '영업기획팀', '2020-01-01', NULL),
('D9', '고객관리팀', '2020-01-01', NULL),
('D10', '마케팅부', '2020-01-01', NULL),
('D11', '브랜드관리팀', '2020-01-01', NULL),
('D12', '디지털마케팅팀', '2020-01-01', NULL),
('D13', '정보기술부', '2020-01-01', NULL),
('D14', '시스템개발팀', '2020-01-01', NULL),
('D15', '정보보안팀', '2020-01-01', NULL),
('D16', '제품개발부', '2020-01-01', '2022-05-28'),
('D17', '하드웨어팀', '2020-01-01', '2022-04-03'),
('D18', '소프트웨어팀', '2020-01-01', '2022-05-15'),
('D19', '연구개발부', '2020-01-01', '2023-06-10'),
('D20', '신제품연구팀', '2020-01-01', '2023-01-25'),
('D21', '기술혁신팀', '2020-01-01', '2023-03-30');




INSERT INTO DEPT_RELATIONS (PAR_DEPT_CODE, SUB_DEPT_CODE) VALUES
('D1','D2'),
('D1','D3'),
('D2','D7'),
('D7','D8'),
('D7','D9'),
('D2','D10'),
('D10','D11'),
('D10','D12'),
('D3','D4'),
('D4','D5'),
('D4','D6'),
('D3','D13'),
('D13','D14'),
('D13','D15');





INSERT INTO emp_position (POSITION_CODE, POSITION_NAME) VALUES
('P1', '대표'),
('P2', '이사'),
('P3', '부장'),
('P4', '과장'),
('P5', '대리'),
('P6', '사원');





INSERT INTO emp_title (TITLE_CODE, TITLE_NAME) VALUES
('T1', '대표'),
('T2', '책임자'),
('T4', '부서장'),
('T5', '팀장'),
('T6', '팀원');





INSERT INTO BANK (BANK_CODE, BANK_NAME) VALUES
('1', 'KEB하나은행'),
('2', 'SC제일은행'),
('3', '국민은행'),
('4', '신한은행'),
('5', '외환은행'),
('6', '우리은행'),
('7', '한국시티은행'),
('8', '기업은행');



INSERT INTO EMPLOYEE_INFO(EMP_CODE, PAR_CODE, EMP_NAME, EMP_PASS, SOCIAL_SECURITY_NO, EMAIL, PHONE, ADDRESS, DIRECT_LINE, ACCOUNT_NUM, HIRE_DATE, END_DATE, EMP_STATUS, EMP_SIGN, EMP_IMG, DEPT_CODE, TITLE_CODE, POSITION_CODE, BANK_CODE, REFRESH_TOKEN) VALUES
('2020011', NULL, '박진영', '$2a$10$LCodWQFDYkCPkcszCHHFCuhDtvzF0aAbCalO/OT6LJQNe3F5tc/Qy', '900101-1234567', 'chulsu.kim@company.com', '010-1234-5678', '12345 서울특별시 강남구 삼성동', '1001', '123-456-7890', '2020-01-01', NULL, 'Y', NULL, NULL, 'D1', 'T1', 'P1', '1', NULL),
('2020021', '2020011', '박은비', '$2a$10$EMpLr2rVU6SkY12QLnJbNOXCSXHhcfH3.0qfo/skAYaiwJT.F19vK', '910202-2345678', 'younghee.lee@company.com', '010-2345-6789', '67890 부산광역시 해운대구 우동', '1002', '234-567-8901', '2020-02-15', NULL, 'Y', NULL, NULL, 'D2', 'T2', 'P2', '2', NULL),
('2021011', '2021011', '이재현', '$2a$10$Jg6zIWqC/0RNRTWGTCI6oe35bvaDfMudmkzB9Kb/dgzsIJJ1D6bri', '920303-3456789', 'minsu.park@company.com', '010-3456-7890', '23456 대구광역시 중구 동인동', '1003', '345-678-9012', '2021-01-10', NULL, 'Y', NULL, NULL, 'D3', 'T2', 'P2', '3', NULL),
('2021031', '2024011', '이미나', '$2a$10$wp1hrmazxSrmMr0ZeNczH./JeAlefF1wx6RTfL0fkbPeBJcTHfjsS', '900612-1234567', 'mina@company.com', '010-1234-5678', '45678 대전광역시 서구 둔산동', '1015', '123-456-7890', '2021-03-31', NULL, 'Y', NULL, NULL, 'D14', 'T6', 'P5', '6', NULL),
('2021032', '2021011', '최수지', '$2a$10$w5mkKJzak2mioip7LFQHlOUwHhegknWj1/cg074FQmW7oDgNRuXIW', '930404-4567890', 'suji.choi@company.com', '010-4567-8901', '34567 인천광역시 남동구 구월동', '1004', '456-789-0123', '2021-03-20', NULL, 'Y', NULL, NULL, 'D4', 'T4', 'P3', '4', NULL),
('2021048', '2024011', '박하늘', '$2a$10$S8Czl7.qt6im30MbLObHLuWHmVR9DQ/vHT4RK1P7aJJvs9rpUw4bi', '910820-2345678', 'haneul@company.com', '010-2345-6789', '56789 광주광역시 북구 용봉동', '1016', '234-567-8901', '2021-04-08', NULL, 'Y', NULL, NULL, 'D15', 'T6', 'P5', '7', NULL),
('2021056', '2022051', '정수지', '$2a$10$0hYdHHSGE91tDQPU.3GjQe0gZ7l6422gDZjUW1sCUuJUx280zJ0UC', '920901-3456789', 'suji@company.com', '010-3456-7890', '67890 울산광역시 남구 삼산동', '1017', '345-678-9012', '2021-05-16', NULL, 'Y', NULL, NULL, 'D9', 'T6', 'P5', '8', NULL),
('2021067', '2021032', '김태현', '$2a$10$DwoviJVx9F6ufPceF0rPCeMvNyFgN3PFbHbqmnlfr7VhwzvOOOhd.', '930612-1234567', 'taehyun@company.com', '010-4567-8901', '23456 대구광역시 중구 동인동', '1018', '456-789-0123', '2021-06-27', NULL, 'Y', NULL, NULL, 'D5', 'T5', 'P5', '1', NULL),
('2021068', '2021032', '이서영', '$2a$10$iHMhfgRwr/9EXunGF2DYqu2xW/NpKh.RzrbxYEaaPR4Qj/gWpzzzW', '960101-1234567', 'seoyoung@company.com', '010-1234-5678', '34567 인천광역시 남동구 구월동', '1101', '123-456-7890', '2021-06-10', NULL, 'Y', NULL, NULL, 'D5', 'T5', 'P5', '8', NULL),
('2021081', '2021032', '김민서', '$2a$10$LpK.5gWVCMYd1Jfx1Df5kOuVIw6T4OoKU77RvM5FZ2pS7B.x8yLY2', '071525-4567890', 'minseo.kim@company.com', '010-3456-7890', '45678 대전광역시 서구 도마동', '1033', '345-678-9012', '2021-08-01', NULL, 'Y', NULL, NULL, 'D6', 'T6', 'P5', '1', NULL),
('2021091', '2021032', '이서연', '$2a$10$fwfqSWmWYVL6R050UlDYauFpCdR3VfJ0f0eGrvU3XJTN9LQ2DWBAq', '071626-5678901', 'seoyeon.lee@company.com', '010-4567-8901', '56789 부산광역시 남구 대연동', '1034', '456-789-0123', '2021-09-15', NULL, 'Y', NULL, NULL, 'D6', 'T5', 'P4', '2', NULL),
('2022041', '2023061', '강예지', '$2a$10$LhARTwWERAEpjFe4pwVkm.JYjjYSUIWLpJlJJMHCQ.OnRi.uAcrzu', '990303-2345678', 'yeji.kang@company.com', '010-2345-6789', '23456 전라북도 전주시 완산구 서신동', '1012', '234-567-8901', '2022-04-05', NULL, 'Y', NULL, NULL, 'D11', 'T5', 'P4', '4', NULL),
('2022051', '2020021', '강다영', '$2a$10$l5Z6KTKLUTntdUBh.3VbOez2r0DxhOBc4w5IFqN71.pYHXEeBWdpC', '940505-5678901', 'dayoung.kang@company.com', '010-5678-9012', '45678 대전광역시 서구 둔산동', '1005', '567-890-1234', '2022-05-10', NULL, 'Y', NULL, NULL, 'D7', 'T4', 'P3', '5', NULL),
('2022056', '2024011', '김민준', '$2a$10$bQXhHjONchoDFscFusNF8OZ4xgwjRmcMTR/yYZzJlKAl1qiOlDDUa', '940707-1234567', 'minjoon@company.com', '010-1234-5678', '23456 대전광역시 서구 둔산동', '1008', '123-456-7890', '2022-05-15', '2024-05-15', 'N', NULL, NULL, 'D14', 'T5', 'P5', '2', NULL),
('2022073', '2024011', '김지연', '$2a$10$qRjJQEMs8GCa/IjgkLIbwuFAwgVa62Tnq8SXG3/i0tVGLD3AeBS2O', '940601-1234567', 'jiyeon@company.com', '010-1234-5678', '23456 전라북도 전주시 완산구 서신동', '1019', '123-456-7890', '2022-07-03', NULL, 'Y', NULL, NULL, 'D15', 'T5', 'P4', '2', NULL),
('2022078', '2024011', '이동민', '$2a$10$gLtZuHLA1l1r8oZkrVykJedlg5LaDkaPU8QgXDGW5oqDumdtOfk2a', '051212-1234567', 'dongmin@company.com', '010-1234-5678', '56789 광주광역시 북구 용봉동', '1030', '123-456-7890', '2022-07-15', '2024-07-15', 'N', NULL, NULL, 'D15', 'T6', 'P6', '5', NULL),
('2022085', '2024011', '김영진', '$2a$10$Zpb4HrOveS9o5Pk4I3E40uTVM8o8fbdBwe7.WYRg/HY8hBxB8asgy', '061313-2345678', 'youngjin@company.com', '010-2345-6789', '67890 전라남도 여수시 삼일동', '1031', '234-567-8901', '2022-08-01', '2024-08-01', 'N', NULL, NULL, 'D14', 'T6', 'P6', '6', NULL),
('2022089', '2024011', '이재영', '$2a$10$JBk8qtETcC5rGpDoTwoBEuFw9HW8/xOE2rOTMZHKhVZp4/KH5ezge', '960820-2345678', 'jaeyoung@company.com', '010-2345-6789', '34567 경상북도 경주시 건천읍 동리', '1020', '234-567-8901', '2022-08-09', NULL, 'Y', NULL, NULL, 'D14', 'T6', 'P6', '3', NULL),
('2022091', '2023061', '황민서', '$2a$10$RZd9I9uN2OSIjFQr6LSAaOveb7p15i9Myo0uH7xvd.FmeUA111nJi', '000404-3456789', 'minseo.hwang@company.com', '010-3456-7890', '34567 경상북도 경주시 건천읍 동리', '1013', '345-678-9012', '2022-09-15', NULL, 'Y', NULL, NULL, 'D12', 'T5', 'P4', '5', NULL),
('2022095', '2022051', '박은지', '2022095', '980901-3456789', 'eunji@company.com', '010-3456-7890', '45678 강원도 춘천시 남산면 가산리', '1021', '345-678-9012', '2022-09-15', NULL, 'Y', NULL, NULL, 'D8', 'T6', 'P6', '4', NULL),
('2022102', '2022051', '김민성', '$2a$10$xvLNnxS82xEjQcdJKL9zDOg/gx9jmSoYSGG4rG01QbTiGIM8BR8ZG', '990422-4567890', 'minseong@company.com', '010-4567-8901', '56789 충청남도 천안시 동남구 신부동', '1022', '456-789-0123', '2022-10-22', NULL, 'Y', NULL, NULL, 'D8', 'T6', 'P6', '5', NULL),
('2022109', '2022051', '김지현', '$2a$10$hf7sL1FQRcbmlmZB0uBtC.R.TwNP2c/0P2CXc9GNPY31pYKSrPRQ2', '081515-4567890', 'jihyun@company.com', '010-4567-8901', '89012 제주특별자치도 제주시 애월읍 하천리', '1033', '456-789-0123', '2022-10-01', '2023-10-01', 'N', NULL, NULL, 'D8', 'T6', 'P6', '8', NULL),
('2022111', '2022051', '박서진', '$2a$10$ZcaIRoI3tto3gFIPGA5TWemqoxzi0xxP3QVuBy1ksHUk5SVsqcZHW', '071727-6789012', 'seojin.park@company.com', '010-5678-9012', '67890 서울특별시 강서구 화곡동', '1035', '567-890-1234', '2022-11-01', NULL, 'Y', NULL, NULL, 'D8', 'T6', 'P5', '3', NULL),
('2022119', '2022051', '이승현', '$2a$10$qygnTO11vnNwnu4at/cif.wA.YlfDJb0musxPyzvCqmxpx4Mg/dcO', '000428-5678901', 'seunghyun@company.com', '010-5678-9012', '67890 전라남도 여수시 삼일동', '1023', '567-890-1234', '2022-11-28', NULL, 'Y', NULL, NULL, 'D9', 'T6', 'P6', '6', NULL),
('2022121', '2022051', '김민지', '$2a$10$cyKiplUC5Z.fdLPlmTRuXeWlhEDRZ2SxfgIE0banCY9f0d/6yktpe', '071828-7890123', 'minji.kim@company.com', '010-6789-0123', '78901 경기도 성남시 중원구 상대원동', '1036', '678-901-2345', '2022-12-25', NULL, 'Y', NULL, NULL, 'D8', 'T6', 'P5', '4', NULL),
('2022125', '2022051', '박준호', '$2a$10$oJXovnsk1pmobfbMap.kjetA509d3aEiCFn/RVS/QDIu7arvZ7mt.', '001103-6789012', 'junho@company.com', '010-6789-0123', '78901 경상남도 진주시 상봉동', '1024', '678-901-2345', '2022-12-31', NULL, 'Y', NULL, NULL, 'D9', 'T6', 'P6', '7', NULL),
('2023011', '2022051', '이서아', '$2a$10$WFa/a.S6lCbAyk/b9nksRu3y0h2gx7kHjykIT9CUizK4JF8bi3bSy', '071929-8901234', 'seoah.lee@company.com', '010-7890-1234', '89012 전라북도 전주시 완산구 효자동', '1037', '789-012-3456', '2023-01-01', NULL, 'Y', NULL, NULL, 'D8', 'T6', 'P5', '5', NULL),
('2023014', '2023061', '김현우', '$2a$10$YyQ6XUhkkbSdbqOY7NPwFup1kF5LYt1WQe5Hq9UYfOf45BIxvs2zG', '011220-7890123', 'hyunwoo@company.com', '010-7890-1234', '89012 제주특별자치도 제주시 애월읍 하천리', '1025', '789-012-3456', '2023-01-14', NULL, 'Y', NULL, NULL, 'D11', 'T6', 'P6', '8', NULL),
('2023021', '2023061', '박준우', '$2a$10$cRJgH1g2jTeK4rXeVVoUGO5kBMf04liUlHjIOGGSFsD6/gtLAKjui', '072030-9012345', 'junwoo.park@company.com', '010-9012-3456', '90123 경기도 수원시 장안구 영화동', '1038', '901-234-5678', '2023-02-15', NULL, 'Y', NULL, NULL, 'D11', 'T6', 'P5', '6', NULL),
('2023025', '2023061', '이지훈', '$2a$10$eS2op78CjcAyvu2v6XIGeOPdLAFU.kt3btm41LKexqrlwtJfIcwdS', '020313-8901234', 'jihun@company.com', '010-8901-2345', '90123 서울특별시 강동구 천호동', '1026', '890-123-4567', '2023-02-25', NULL, 'Y', NULL, NULL, 'D12', 'T6', 'P6', '1', NULL),
('2023031', '2021032', '박태인', '$2a$10$FOWi9L17vOcAIUqVHel8z.qS3aBzNOhnNzazoF2D9GPXz1aD/MLlW', '040412-9012345', 'taein@company.com', '010-9012-3456', '12345 서울시 강남구 역삼동', '1027', '901-234-5678', '2023-03-31', NULL, 'Y', NULL, NULL, 'D5', 'T6', 'P6', '2', NULL),
('2023032', '2023061', '김서준', '$2a$10$bmP0SgodBFLRdJcveUZxX.rHsfaMUZbajYL//3rxHo72kjx.dH5A.', '072131-0123456', 'seojun.kim@company.com', '010-0123-4567', '12345 경상남도 창원시 의창구 동읍리', '1039', '012-345-6789', '2023-03-10', NULL, 'Y', NULL, NULL, 'D11', 'T6', 'P5', '7', NULL),
('2023035', '2022051', '김서연', '$2a$10$D5apa8xqglrk9Kg9sTzUSuXkq34gM2W3PnO6FOHAHD64805ZdRkUy', '960808-2345678', 'seoyeon@company.com', '010-2345-6789', '34567 인천광역시 연수구 송도동', '1009', '234-567-8901', '2023-03-25', '2025-03-25', 'N', NULL, NULL, 'D9', 'T6', 'P5', '3', NULL),
('2023048', '2024011', '김유진', '$2a$10$R3WBiimx2zatEpPtVl7eL.xYzeRMfKj4nJVzmm2a.S6lksqSYC8eS', '050601-0123456', 'yujin@company.com', '010-0123-4567', '67890 서울특별시 종로구 견지동', '1028', '012-345-6789', '2023-04-08', NULL, 'Y', NULL, NULL, 'D14', 'T6', 'P6', '3', NULL),
('2023061', '2020021', '정지훈', '$2a$10$43fNzAgWNV5HKAyqY.1uZup3eod2lTxiG06DB5AlnWN91SO7H8s3m', '950606-6789012', 'jihoon.jung@company.com', '010-6789-0123', '56789 광주광역시 북구 용봉동', '1006', '678-901-2345', '2023-06-01', NULL, 'Y', NULL, NULL, 'D10', 'T4', 'P3', '6', NULL),
('2023062', '2024011', '이승우', '$2a$10$57KREaAQM2X06rEBwjZJu.hg9dGKGv5ScYxIUAPL2DPJv.8egYhv.', '010505-4567890', 'seungwoo.lee@company.com', '010-4567-8901', '45678 강원도 춘천시 남산면 가산리', '1014', '456-789-0123', '2023-06-01', NULL, 'Y', NULL, NULL, 'D14', 'T5', 'P4', '6', NULL),
('2023071', '2021032', '박예은', '$2a$10$dN5BPhVaQA903xfUYXiZPO6eEvxgEPsn8svNkpHDFQ6oTFsGmvD7O', '072636-5678901', 'yeeun.park@company.com', '010-5678-9012', '67890 경기도 용인시 수지구 동천동', '1044', '567-890-1234', '2023-07-01', NULL, 'Y', NULL, NULL, 'D6', 'T6', 'P5', '4', NULL),
('2023081', '2024011', '김지민', '$2a$10$rJHCJENv6LMKNo25jqq7tu5ZJ/l4elf4s0pl3GROHVmCF535MNHsG', '072737-6789012', 'jimin.kim@company.com', '010-6789-0123', '78901 대전광역시 서구 탄방동', '1045', '678-901-2345', '2023-08-01', NULL, 'Y', NULL, NULL, 'D14', 'T6', 'P5', '5', NULL),
('2023091', '2024011', '장수빈', '$2a$10$iSwP3wYDN66wORw52ECavufPTywGW2C2cNsoJTPwKao14Cy//rdUS', '020606-5678901', 'subin.jang@company.com', '010-5678-9012', '56789 충청남도 천안시 동남구 신부동', '1015', '567-890-1234', '2023-09-15', NULL, 'Y', NULL, NULL, 'D15', 'T5', 'P4', '7', NULL),
('2023106', '2021032', '이민우', '$2a$10$TgP8SdjbNJLJya1tT9Zejul61h57Ls1bhSR4nyrA8f2zUQppnu68y', '090616-5678901', 'minwoo@company.com', '010-5678-9012', '90123 서울특별시 강남구 역삼동', '1034', '567-890-1234', '2023-10-01', '2024-11-01', 'N', NULL, NULL, 'D5', 'T6', 'P6', '1', NULL),
('2024011', '2021011', '윤서준', '$2a$10$XEjaiZnMsNE7MHqEFeJkLO3SmTP2Gcj4JkCKkDfRUpj/OKJyfKtmm', '960707-7890123', 'seojun.yoon@company.com', '010-7890-1234', '67890 울산광역시 남구 삼산동', '1007', '789-012-3456', '2024-01-01', NULL, 'Y', NULL, NULL, 'D13', 'T4', 'P3', '7', NULL),
('2024012', '2022051', '김유진', '$2a$10$KZZoxlDpOm0o2DRao.FlNe.YmSlh5L1Yvgi8O5sa7uQ3cu7JLcT0q', '030707-6789012', 'yujin.kim@company.com', '010-6789-0123', '67890 전라남도 여수시 삼일동', '1016', '678-901-2345', '2024-01-01', NULL, 'Y', NULL, NULL, 'D8', 'T6', 'P5', '8', NULL),
('2024024', '2021032', '김태희', '$2a$10$ytk82IkjaFVXy6/AxAxH2.EExHb/RToV3nzwIaQnRihN8zsM0D8z6', '970202-2345678', 'taehee@company.com', '010-2345-6789', '78901 경기도 수원시 장안구 정자동', '1102', '234-567-8901', '2024-02-01', NULL, 'Y', NULL, NULL, 'D6', 'T6', 'P6', '1', NULL),
('2024025', '2021032', '김지은', '$2a$10$cXuZcFhdj/Zv5tl8nHOTTe/ZyZsJzoUKMCNb1UAptG5ipBi8nBf9O', '990404-4567890', 'jieun@company.com', '010-4567-8901', '89012 서울특별시 성북구 정릉동', '1104', '456-789-0123', '2024-02-01', NULL, 'Y', NULL, NULL, 'D6', 'T6', 'P6', '3', NULL),
('2024026', '2024011', '박지민', '$2a$10$YQBNjnKsBeJtLzCETpeAFu9oCW2BjIMH37hN3.dhhfIT4vOzWlhsq', '980303-3456789', 'jimin@company.com', '010-3456-7890', '90123 서울특별시 강남구 역삼동', '1103', '345-678-9012', '2024-02-01', NULL, 'Y', NULL, NULL, 'D15', 'T6', 'P6', '2', NULL),
('2024031', '2023061', '이수민', '$2a$10$k4t9duEiJjfFuawxA2lf7ulMgloYufcsZNM/y1E1W6HtD7fY67OEK', '072232-1234567', 'sumin.lee@company.com', '010-1234-5678', '23456 서울특별시 강남구 삼성동', '1040', '123-456-7890', '2024-03-01', NULL, 'Y', NULL, NULL, 'D12', 'T6', 'P5', '8', NULL),
('2024033', '2021032', '최지우', '$2a$10$kocL6/XSJ6j2mUg.rtBa5eQ7.Sz1UuMPkXhbqUcyUFnTaKyyZ4/9K', '051010-9012345', 'jiwoo.choi@company.com', '010-9012-3456', '90123 서울특별시 강동구 천호동', '1019', '901-234-5678', '2024-03-25', NULL, 'Y', NULL, NULL, 'D6', 'T5', 'P4', '3', NULL),
('2024035', '2022051', '박시현', '$2a$10$sbAnaKdnmQO81i5ZM7b78OQn.aM8MT.gRYchN8G.OAdn0au4Crefi', '970909-3456789', 'sihyun@company.com', '010-3456-7890', '45678 강원도 춘천시 남산면 가산리', '1010', '345-678-9012', '2024-03-25', '2026-03-25', 'N', NULL, NULL, 'D9', 'T6', 'P5', '4', NULL),
('2024041', '2023061', '박시우', '$2a$10$KrARaUnX9Bthacc5U6IBaOqKVti3B9s7ap9RH8MLEgtiP/6KwUgxC', '072333-2345678', 'siwoo.park@company.com', '010-2345-6789', '34567 인천광역시 연수구 송도동', '1041', '234-567-8901', '2024-04-05', NULL, 'Y', NULL, NULL, 'D12', 'T6', 'P5', '1', NULL),
('2024051', '2021032', '이승훈', '$2a$10$XkzOP1CCuIWSZsZrhd2E9eCbmrVrwMSD2O.oJMhrfW06oKYhAf666', '050909-8901234', 'seunghoon.lee@company.com', '010-8901-2345', '89012 제주특별자치도 제주시 애월읍 하천리', '1018', '890-123-4567', '2024-05-01', NULL, 'Y', NULL, NULL, 'D5', 'T5', 'P4', '2', NULL),
('2024052', '2021032', '김다윤', '$2a$10$tqZsZWOvwEuuc1UAnm24wO02W/g678OTBeX8FpsLk3bUX4ZABs2KK', '070430-3456789', 'dayoon.kim@company.com', '010-3456-7890', '45678 대구광역시 수성구 만촌동', '1042', '345-678-9012', '2024-05-10', NULL, 'Y', NULL, NULL, 'D5', 'T6', 'P5', '2', NULL),
('2024061', '2021032', '이준우', '2024061', '070530-4567890', 'junwoo.lee@company.com', '010-4567-8901', '56789 광주광역시 북구 용봉동', '1043', '456-789-0123', '2024-06-01', NULL, 'Y', NULL, NULL, 'D5', 'T6', 'P5', '3', NULL),
('2024062', '2021032', '이복구', '$2a$10$eCn.kIbK6MqIdNKWUSE8c.eJ6Rnb6CYoIBSla.z.QQpidElDLgBom', '111111-2222222', 'minwoo@company.com', '010-5678-9012', '90123 서울특별시 강남구 역삼동', '1034', '999-999-9999', '2024-06-12', NULL, 'Y', NULL, NULL, 'D5', 'T6', 'P5', '1', NULL),
('2024101', '2022051', '박재원', '$2a$10$R60chyxKUpkWA/nL8pspHeMLzvARxo4EQuaobrmqfpbfTgNu9jowG', '040808-7890123', 'jaewon.park@company.com', '010-7890-1234', '78901 경상남도 진주시 상봉동', '1017', '789-012-3456', '2024-10-30', NULL, 'Y', NULL, NULL, 'D9', 'T5', 'P4', '1', NULL),
('2032092', '2022051', '박성민', '$2a$10$sZbkFxfzpJGWC3mBNxs85unyH4qkMnnamu3mDgeKPQcNbLinUYVY.', '071414-3456789', 'seongmin@company.com', '010-3456-7890', '78901 경상남도 진주시 상봉동', '1032', '345-678-9012', '2023-09-01', '2025-09-01', 'N', NULL, NULL, 'D9', 'T6', 'P6', '7', NULL);




INSERT INTO SHCOOL_INFO (SCH_CODE, SCH_NAME, GRAD_STATUS, ENROLE_DATE, GRAD_DATE, MAJOR, DAY_N_NIGHT, LOCATION, EMP_CODE) VALUES
(1, '서울고등학교', 'Y', '2006-03-01', '2009-02-28', NULL, NULL, '서울', 2020011),
(2, '서울대학교', 'Y', '2012-03-01', '2016-02-28', '컴퓨터공학', '주간', '서울', 2020011),
(3, '부산고등학교', 'N', '2007-09-01', NULL, NULL, NULL, '부산', 2020021),
(4, '부산대학교', 'N', '2013-09-01', NULL, '경영학', '야간', '부산', 2020021),
(5, '대구고등학교', 'Y', '2008-02-01', '2011-01-31', NULL, NULL, '대구', 2021011),
(6, '경북대학교', 'Y', '2014-02-01', '2018-01-31', '화학공학', '주간', '대구', 2021011),
(7, '인천고등학교', 'N', '2007-03-01', NULL, NULL, NULL, '인천', 2021031),
(8, '인천대학교', 'N', '2013-03-01', NULL, '사회복지학', '야간', '인천', 2021031),
(9, '광주고등학교', 'Y', '2009-09-01', '2013-08-31', NULL, NULL, '광주', 2021032),
(10, '전남대학교', 'Y', '2015-09-01', '2019-08-31', '물리학', '주간', '광주', 2021032),
(11, '대전고등학교', 'N', '2006-02-01', NULL, NULL, NULL, '대전', 2021048),
(12, '충남대학교', 'N', '2012-02-01', NULL, '전자공학', '야간', '대전', 2021048),
(13, '울산고등학교', 'Y', '2008-03-01', '2011-02-28', NULL, NULL, '울산', 2021056),
(14, '울산대학교', 'Y', '2014-03-01', '2018-02-28', '기계공학', '주간', '울산', 2021056),
(15, '경주고등학교', 'N', '2009-09-01', NULL, NULL, NULL, '경주', 2021067),
(16, '동국대학교 경주캠퍼스', 'N', '2015-09-01', NULL, '생명과학', '야간', '경주', 2021067),
(17, '창원고등학교', 'Y', '2007-02-01', '2013-01-31', NULL, NULL, '창원', 2021068),
(18, '창원대학교', 'Y', '2013-02-01', '2017-01-31', '환경공학', '주간', '창원', 2021068),
(19, '전주고등학교', 'N', '2008-03-01', NULL, NULL, NULL, '전주', 2021081),
(20, '전북대학교', 'N', '2014-03-01', NULL, '경제학', '야간', '전주', 2021081),
(21, '포항고등학교', 'Y', '2008-09-01', '2013-08-31', NULL, NULL, '포항', 2021091),
(22, '포항공과대학교', 'Y', '2014-09-01', '2018-08-31', '지구환경과학', '주간', '포항', 2021091),
(23, '김해고등학교', 'N', '2009-02-01', NULL, NULL, NULL, '김해', 2022041),
(24, '경상국립대학교', 'N', '2015-02-01', NULL, '음악학', '야간', '진주', 2022041),
(25, '목포고등학교', 'Y', '2010-03-01', '2016-02-28', NULL, NULL, '목포', 2022051),
(26, '목포대학교', 'Y', '2016-03-01', '2020-02-28', '조형예술학', '주간', '목포', 2022051),
(27, '용인고등학교', 'N', '2010-09-01', NULL, NULL, NULL, '용인', 2022056),
(28, '용인대학교', 'N', '2016-09-01', NULL, '체육교육과', '야간', '용인', 2022056),
(29, '수원고등학교', 'Y', '2011-02-01', '2018-01-31', NULL, NULL, '수원', 2022073),
(30, '아주대학교', 'Y', '2017-02-01', '2021-01-31', '국제학', '주간', '수원', 2022073),
(31, '광명고등학교', 'N', '2011-03-01', NULL, NULL, NULL, '광명', 2022078),
(32, '가천대학교', 'N', '2017-03-01', NULL, '경영학', '야간', '광명', 2022078),
(33, '안양고등학교', 'Y', '2012-09-01', '2019-08-31', NULL, NULL, '안양', 2022085),
(34, '한양대학교', 'Y', '2018-09-01', '2022-08-31', '수학과', '주간', '서울', 2022085),
(35, '오산고등학교', 'N', '2012-02-01', NULL, NULL, NULL, '오산', 2022089),
(36, '한국외국어대학교', 'N', '2018-02-01', NULL, '통계학', '야간', '서울', 2022089),
(37, '화성고등학교', 'Y', '2013-03-01', '2020-02-28', NULL, NULL, '화성', 2022091),
(38, '서울교육대학교', 'Y', '2019-03-01', '2023-02-28', '영어교육', '주간', '서울', 2022091),
(39, '파주고등학교', 'N', '2013-09-01', NULL, NULL, NULL, '파주', 2022095),
(40, '경희대학교', 'N', '2019-09-01', NULL, '국어교육과', '야간', '서울', 2022095),
(41, '고양고등학교', 'Y', '2014-02-01', '2021-01-31', NULL, NULL, '고양', 2022102),
(42, '고려대학교', 'Y', '2020-02-01', '2024-01-31', '역사학과', '주간', '서울', 2022102),
(43, '부천고등학교', 'N', '2014-03-01', NULL, NULL, NULL, '부천', 2022109),
(44, '서울과학기술대학교', 'N', '2020-03-01', NULL, '컴퓨터공학', '야간', '서울', 2022109),
(45, '수원고등학교', 'Y', '2014-09-01', '2020-08-31', NULL, NULL, '수원', 2022114),
(46, '성균관대학교', 'Y', '2020-09-01', '2024-08-31', '국제관계학', '주간', '서울', 2022114),
(47, '광명고등학교', 'N', '2015-03-01', NULL, NULL, NULL, '광명', 2022118),
(48, '서강대학교', 'N', '2021-03-01', NULL, '경영학', '야간', '서울', 2022118),
(49, '안양고등학교', 'Y', '2015-09-01', '2022-08-31', NULL, NULL, '안양', 2022121),
(50, '이화여자대학교', 'Y', '2021-09-01', '2025-08-31', '수학과', '주간', '서울', 2022121),
(51, '오산고등학교', 'N', '2016-02-01', NULL, NULL, NULL, '오산', 2022127),
(52, '서울대학교', 'N', '2022-02-01', NULL, '화학', '야간', '서울', 2022127),
(53, '경주고등학교', 'Y', '2016-03-01', '2022-02-28', NULL, NULL, '경주', 2022131);



INSERT INTO CERTIFICATE (CER_CODE, CER_NAME, CER_SCORE, CER_DATE, CER_NUM, ISS_ORGAN, EMP_CODE) VALUES
(1, '컴퓨터활용능력1급', '90', '2020-03-01', '1234567', '한국직업능력개발원', '2023056'),
(2, '컴퓨터활용능력2급', '80', '2019-09-01', '2345678', '한국직업능력개발원', '2023035'),
(3, '컴퓨터활용능력3급', '70', '2018-02-01', '3456789', '한국직업능력개발원', '2023062'),
(4, '컴퓨터활용능력4급', '60', '2017-03-01', '4567890', '한국직업능력개발원', '2024025'),
(5, '컴퓨터활용능력5급', '50', '2016-09-01', '5678901', '한국직업능력개발원', '2024026'),
(6, '컴퓨터활용능력6급', '40', '2015-02-01', '6789012', '한국직업능력개발원', '2023032'),
(7, '컴퓨터활용능력7급', '30', '2014-03-01', '7890123', '한국직업능력개발원', '2024033'),
(8, '컴퓨터활용능력8급', '20', '2013-09-01', '8901234', '한국직업능력개발원', '2024031'),
(9, '컴퓨터활용능력9급', '10', '2012-02-01', '9012345', '한국직업능력개발원', '2023048'),
(10, '정보처리기능사', '85', '2020-05-01', '11223344', '한국산업인력공단', '2024011'),
(11, '정보처리산업기사', '75', '2019-10-01', '22334455', '한국산업인력공단', '2024061'),
(12, '정보처리기능사2급', '65', '2018-06-01', '33445566', '한국산업인력공단', '2024012'),
(13, '정보처리기능사3급', '55', '2017-04-01', '44556677', '한국산업인력공단', '2024024'),
(14, '정보처리기능사4급', '45', '2016-11-01', '55667788', '한국산업인력공단', '2024052'),
(15, '정보처리기능사5급', '35', '2015-07-01', '66778899', '한국산업인력공단', '2024035'),
(16, '정보처리기능사6급', '25', '2014-05-01', '77889900', '한국산업인력공단', '2024051'),
(17, '정보처리기능사7급', '15', '2013-12-01', '88990011', '한국산업인력공단', '2024021'),
(18, '정보처리기능사8급', '5', '2012-07-01', '99001122', '한국산업인력공단', '2024031'),
(19, '정보처리기능사9급', '95', '2011-08-01', '00112233', '한국산업인력공단', '2024033'),
(20, '한국사능력검정 1급', '80', '2020-04-01', '99887766', '한국사검정시험원', '2024012'),
(21, '한국사능력검정 2급', '70', '2019-11-01', '88776655', '한국사검정시험원', '2024024'),
(22, '한국사능력검정 3급', '60', '2018-07-01', '77665544', '한국사검정시험원', '2024025'),
(23, '한국사능력검정 4급', '50', '2017-06-01', '66554433', '한국사검정시험원', '2023031'),
(24, '한국사능력검정 5급', '40', '2016-12-01', '55443322', '한국사검정시험원', '2023025'),
(25, '한국사능력검정 6급', '30', '2015-08-01', '44332211', '한국사검정시험원', '2023031'),
(26, '한국사능력검정 7급', '20', '2014-06-01', '33221100', '한국사검정시험원', '2023021'),
(27, '한국사능력검정 8급', '10', '2013-11-01', '22110099', '한국사검정시험원', '2024025'),
(28, '한국사능력검정 9급', '5', '2012-09-01', '11009988', '한국사검정시험원', '2024024');